,data,ML,Low,High
Abruzzo,2020-02-27 18:00:00,2.0,0.34,6.43
Abruzzo,2020-02-28 18:00:00,1.8800000000000001,0.38,5.01
Abruzzo,2020-02-29 17:00:00,1.8,0.38,4.45
Abruzzo,2020-03-01 17:00:00,1.74,0.4,4.13
Abruzzo,2020-03-02 18:00:00,1.69,0.37,3.85
Abruzzo,2020-03-03 18:00:00,1.6400000000000001,0.4,3.7
Abruzzo,2020-03-04 17:00:00,1.61,0.41000000000000003,3.56
Abruzzo,2020-03-05 17:00:00,1.0,0.0,3.35
Abruzzo,2020-03-06 17:00:00,2.0100000000000002,0.02,3.99
Abruzzo,2020-03-07 18:00:00,2.15,0.14,3.99
Abruzzo,2020-03-08 18:00:00,2.15,0.28,3.85
Abruzzo,2020-03-09 18:00:00,2.62,0.9500000000000001,4.15
Abruzzo,2020-03-10 18:00:00,2.5100000000000002,1.11,3.77
Abruzzo,2020-03-11 17:00:00,2.35,1.18,3.43
Abruzzo,2020-03-12 17:00:00,2.19,1.21,3.15
Abruzzo,2020-03-13 17:00:00,1.96,1.1,2.82
Abruzzo,2020-03-14 17:00:00,1.93,1.16,2.69
Abruzzo,2020-03-15 17:00:00,1.85,1.17,2.5500000000000003
Abruzzo,2020-03-16 17:00:00,1.85,1.24,2.48
Abruzzo,2020-03-17 17:00:00,1.86,1.31,2.42
Abruzzo,2020-03-18 17:00:00,1.84,1.34,2.34
Abruzzo,2020-03-19 17:00:00,1.75,1.29,2.2
Abruzzo,2020-03-20 17:00:00,1.6400000000000001,1.22,2.06
Abruzzo,2020-03-21 17:00:00,1.48,1.08,1.87
Abruzzo,2020-03-22 17:00:00,1.3900000000000001,1.03,1.79
Abruzzo,2020-03-23 17:00:00,1.29,0.9400000000000001,1.67
Abruzzo,2020-03-24 17:00:00,1.23,0.89,1.6
Abruzzo,2020-03-25 17:00:00,1.21,0.87,1.56
Abruzzo,2020-03-26 17:00:00,1.24,0.91,1.58
Abruzzo,2020-03-27 17:00:00,1.23,0.91,1.56
Abruzzo,2020-03-28 17:00:00,1.23,0.92,1.55
Abruzzo,2020-03-29 17:00:00,1.1500000000000001,0.85,1.47
Abruzzo,2020-03-30 17:00:00,1.05,0.75,1.37
Abruzzo,2020-03-31 17:00:00,0.9400000000000001,0.64,1.26
Abruzzo,2020-04-01 17:00:00,0.8200000000000001,0.5,1.1300000000000001
Abruzzo,2020-04-02 17:00:00,0.71,0.38,1.04
Abruzzo,2020-04-03 17:00:00,0.65,0.32,1.01
Abruzzo,2020-04-04 17:00:00,0.63,0.28,1.0
Abruzzo,2020-04-05 17:00:00,0.6900000000000001,0.32,1.07
Abruzzo,2020-04-06 17:00:00,0.8,0.42,1.19
Abruzzo,2020-04-07 17:00:00,0.91,0.54,1.32
Abruzzo,2020-04-08 17:00:00,1.07,0.6900000000000001,1.46
Abruzzo,2020-04-09 17:00:00,1.1300000000000001,0.76,1.52
Abruzzo,2020-04-10 17:00:00,1.1400000000000001,0.77,1.51
Abruzzo,2020-04-11 17:00:00,1.09,0.73,1.47
Abruzzo,2020-04-12 17:00:00,1.04,0.68,1.41
Abruzzo,2020-04-13 17:00:00,0.97,0.6,1.33
Abruzzo,2020-04-14 17:00:00,0.89,0.52,1.26
Basilicata,2020-03-05 17:00:00,2.0,0.34,6.43
Basilicata,2020-03-06 17:00:00,1.8800000000000001,0.38,5.01
Basilicata,2020-03-07 18:00:00,1.8,0.38,4.45
Basilicata,2020-03-08 18:00:00,1.74,0.4,4.13
Basilicata,2020-03-09 18:00:00,1.69,0.37,3.85
Basilicata,2020-03-10 18:00:00,1.6400000000000001,0.4,3.7
Basilicata,2020-03-11 17:00:00,1.61,0.41000000000000003,3.56
Basilicata,2020-03-12 17:00:00,1.0,0.0,3.35
Basilicata,2020-03-13 17:00:00,1.0,0.0,3.35
Basilicata,2020-03-14 17:00:00,1.0,0.0,3.35
Basilicata,2020-03-15 17:00:00,1.53,0.0,3.66
Basilicata,2020-03-16 17:00:00,2.27,0.13,4.16
Basilicata,2020-03-17 17:00:00,2.5,0.5,4.25
Basilicata,2020-03-18 17:00:00,2.45,0.76,4.0
Basilicata,2020-03-19 17:00:00,2.32,0.86,3.63
Basilicata,2020-03-20 17:00:00,2.18,0.9500000000000001,3.35
Basilicata,2020-03-21 17:00:00,1.9100000000000001,0.8200000000000001,2.96
Basilicata,2020-03-22 17:00:00,1.68,0.67,2.63
Basilicata,2020-03-23 17:00:00,1.47,0.52,2.36
Basilicata,2020-03-24 17:00:00,1.37,0.49,2.25
Basilicata,2020-03-25 17:00:00,1.3900000000000001,0.54,2.22
Basilicata,2020-03-26 17:00:00,1.35,0.54,2.15
Basilicata,2020-03-27 17:00:00,1.32,0.55,2.1
Basilicata,2020-03-28 17:00:00,1.3,0.55,2.04
Basilicata,2020-03-29 17:00:00,1.24,0.53,1.98
Basilicata,2020-03-30 17:00:00,1.1300000000000001,0.43,1.85
Basilicata,2020-03-31 17:00:00,1.03,0.32,1.72
Basilicata,2020-04-01 17:00:00,0.87,0.18,1.56
Basilicata,2020-04-02 17:00:00,0.76,0.09,1.44
Basilicata,2020-04-03 17:00:00,0.63,0.0,1.27
Basilicata,2020-04-04 17:00:00,0.59,0.0,1.27
Basilicata,2020-04-05 17:00:00,0.54,0.0,1.28
Basilicata,2020-04-06 17:00:00,0.59,0.0,1.36
Basilicata,2020-04-07 17:00:00,0.6,0.0,1.41
Basilicata,2020-04-08 17:00:00,0.62,0.0,1.47
Basilicata,2020-04-09 17:00:00,0.59,0.0,1.48
Basilicata,2020-04-10 17:00:00,0.62,0.0,1.56
Basilicata,2020-04-11 17:00:00,0.49,0.0,1.51
Basilicata,2020-04-12 17:00:00,0.41000000000000003,0.0,1.54
Basilicata,2020-04-13 17:00:00,0.44,0.0,1.6300000000000001
Basilicata,2020-04-14 17:00:00,0.34,0.0,1.67
Calabria,2020-03-05 17:00:00,2.0,0.34,6.43
Calabria,2020-03-06 17:00:00,1.8800000000000001,0.38,5.01
Calabria,2020-03-07 18:00:00,2.17,0.51,4.99
Calabria,2020-03-08 18:00:00,1.96,0.5,4.24
Calabria,2020-03-09 18:00:00,2.35,0.72,4.39
Calabria,2020-03-10 18:00:00,2.23,0.75,3.92
Calabria,2020-03-11 17:00:00,2.2600000000000002,0.87,3.7
Calabria,2020-03-12 17:00:00,2.24,0.76,3.61
Calabria,2020-03-13 17:00:00,2.15,0.89,3.38
Calabria,2020-03-14 17:00:00,2.05,0.92,3.1
Calabria,2020-03-15 17:00:00,1.95,0.97,2.91
Calabria,2020-03-16 17:00:00,1.82,0.93,2.68
Calabria,2020-03-17 17:00:00,1.8,0.99,2.57
Calabria,2020-03-18 17:00:00,1.7,0.97,2.42
Calabria,2020-03-19 17:00:00,1.6600000000000001,0.99,2.33
Calabria,2020-03-20 17:00:00,1.54,0.92,2.17
Calabria,2020-03-21 17:00:00,1.41,0.8200000000000001,2.0100000000000002
Calabria,2020-03-22 17:00:00,1.33,0.76,1.9000000000000001
Calabria,2020-03-23 17:00:00,1.22,0.68,1.79
Calabria,2020-03-24 17:00:00,1.23,0.7000000000000001,1.78
Calabria,2020-03-25 17:00:00,1.31,0.8,1.84
Calabria,2020-03-26 17:00:00,1.35,0.85,1.84
Calabria,2020-03-27 17:00:00,1.41,0.93,1.87
Calabria,2020-03-28 17:00:00,1.36,0.9,1.8
Calabria,2020-03-29 17:00:00,1.23,0.8,1.68
Calabria,2020-03-30 17:00:00,1.11,0.6900000000000001,1.56
Calabria,2020-03-31 17:00:00,0.93,0.49,1.36
Calabria,2020-04-01 17:00:00,0.75,0.3,1.2
Calabria,2020-04-02 17:00:00,0.62,0.15,1.07
Calabria,2020-04-03 17:00:00,0.51,0.06,0.98
Calabria,2020-04-04 17:00:00,0.5,0.03,0.97
Calabria,2020-04-05 17:00:00,0.59,0.08,1.12
Calabria,2020-04-06 17:00:00,0.75,0.19,1.32
Calabria,2020-04-07 17:00:00,0.89,0.31,1.48
Calabria,2020-04-08 17:00:00,1.0,0.4,1.57
Calabria,2020-04-09 17:00:00,0.91,0.32,1.5
Calabria,2020-04-10 17:00:00,0.79,0.2,1.3900000000000001
Calabria,2020-04-11 17:00:00,0.7000000000000001,0.12,1.31
Calabria,2020-04-12 17:00:00,0.65,0.07,1.26
Calabria,2020-04-13 17:00:00,0.64,0.04,1.25
Calabria,2020-04-14 17:00:00,0.71,0.07,1.36
Campania,2020-02-24 18:00:00,2.0,0.34,6.43
Campania,2020-02-25 18:00:00,1.8800000000000001,0.38,5.01
Campania,2020-02-26 18:00:00,2.17,0.51,4.99
Campania,2020-02-27 18:00:00,1.96,0.5,4.24
Campania,2020-02-28 18:00:00,2.08,0.58,4.09
Campania,2020-02-29 17:00:00,2.09,0.67,3.87
Campania,2020-03-01 17:00:00,2.05,0.72,3.61
Campania,2020-03-02 18:00:00,1.98,0.38,3.48
Campania,2020-03-03 18:00:00,1.93,0.48,3.31
Campania,2020-03-04 17:00:00,1.6400000000000001,0.32,2.88
Campania,2020-03-05 17:00:00,1.94,0.72,3.11
Campania,2020-03-06 17:00:00,1.9100000000000001,0.8200000000000001,2.96
Campania,2020-03-07 18:00:00,1.8,0.8300000000000001,2.77
Campania,2020-03-08 18:00:00,1.72,0.8200000000000001,2.59
Campania,2020-03-09 18:00:00,1.6500000000000001,0.8200000000000001,2.45
Campania,2020-03-10 18:00:00,1.6,0.85,2.37
Campania,2020-03-11 17:00:00,1.6500000000000001,0.9500000000000001,2.35
Campania,2020-03-12 17:00:00,1.61,0.97,2.27
Campania,2020-03-13 17:00:00,1.6500000000000001,1.03,2.22
Campania,2020-03-14 17:00:00,1.69,1.16,2.2600000000000002
Campania,2020-03-15 17:00:00,1.59,1.09,2.11
Campania,2020-03-16 17:00:00,1.6300000000000001,1.16,2.1
Campania,2020-03-17 17:00:00,1.62,1.19,2.06
Campania,2020-03-18 17:00:00,1.62,1.23,2.04
Campania,2020-03-19 17:00:00,1.57,1.2,1.95
Campania,2020-03-20 17:00:00,1.49,1.1500000000000001,1.86
Campania,2020-03-21 17:00:00,1.3800000000000001,1.04,1.71
Campania,2020-03-22 17:00:00,1.33,1.01,1.6600000000000001
Campania,2020-03-23 17:00:00,1.2,0.88,1.51
Campania,2020-03-24 17:00:00,1.16,0.86,1.48
Campania,2020-03-25 17:00:00,1.1300000000000001,0.84,1.45
Campania,2020-03-26 17:00:00,1.1500000000000001,0.86,1.46
Campania,2020-03-27 17:00:00,1.19,0.9,1.48
Campania,2020-03-28 17:00:00,1.25,0.98,1.55
Campania,2020-03-29 17:00:00,1.28,1.01,1.56
Campania,2020-03-30 17:00:00,1.33,1.07,1.6
Campania,2020-03-31 17:00:00,1.32,1.08,1.59
Campania,2020-04-01 17:00:00,1.29,1.05,1.54
Campania,2020-04-02 17:00:00,1.23,0.99,1.46
Campania,2020-04-03 17:00:00,1.1400000000000001,0.92,1.3900000000000001
Campania,2020-04-04 17:00:00,1.04,0.81,1.27
Campania,2020-04-05 17:00:00,0.96,0.73,1.2
Campania,2020-04-06 17:00:00,0.85,0.61,1.08
Campania,2020-04-07 17:00:00,0.76,0.53,1.02
Campania,2020-04-08 17:00:00,0.6900000000000001,0.45,0.96
Campania,2020-04-09 17:00:00,0.63,0.37,0.9
Campania,2020-04-10 17:00:00,0.6,0.33,0.89
Campania,2020-04-11 17:00:00,0.62,0.32,0.9
Campania,2020-04-12 17:00:00,0.67,0.37,0.98
Campania,2020-04-13 17:00:00,0.77,0.47000000000000003,1.1
Campania,2020-04-14 17:00:00,0.85,0.54,1.18
Emilia-Romagna,2020-02-24 18:00:00,2.0,0.34,6.43
Emilia-Romagna,2020-02-25 18:00:00,2.04,0.81,3.35
Emilia-Romagna,2020-02-26 18:00:00,2.06,1.12,3.0
Emilia-Romagna,2020-02-27 18:00:00,1.97,1.24,2.73
Emilia-Romagna,2020-02-28 18:00:00,1.86,1.25,2.49
Emilia-Romagna,2020-02-29 17:00:00,1.81,1.28,2.34
Emilia-Romagna,2020-03-01 17:00:00,1.77,1.32,2.25
Emilia-Romagna,2020-03-02 18:00:00,1.74,1.33,2.17
Emilia-Romagna,2020-03-03 18:00:00,1.73,1.36,2.12
Emilia-Romagna,2020-03-04 17:00:00,1.7,1.36,2.06
Emilia-Romagna,2020-03-05 17:00:00,1.67,1.35,1.99
Emilia-Romagna,2020-03-06 17:00:00,1.6300000000000001,1.33,1.92
Emilia-Romagna,2020-03-07 18:00:00,1.55,1.28,1.84
Emilia-Romagna,2020-03-08 18:00:00,1.47,1.21,1.73
Emilia-Romagna,2020-03-09 18:00:00,1.4000000000000001,1.16,1.6600000000000001
Emilia-Romagna,2020-03-10 18:00:00,1.36,1.1300000000000001,1.61
Emilia-Romagna,2020-03-11 17:00:00,1.36,1.1400000000000001,1.6
Emilia-Romagna,2020-03-12 17:00:00,1.3900000000000001,1.17,1.6
Emilia-Romagna,2020-03-13 17:00:00,1.44,1.24,1.6500000000000001
Emilia-Romagna,2020-03-14 17:00:00,1.49,1.3,1.69
Emilia-Romagna,2020-03-15 17:00:00,1.52,1.34,1.7
Emilia-Romagna,2020-03-16 17:00:00,1.54,1.3800000000000001,1.72
Emilia-Romagna,2020-03-17 17:00:00,1.55,1.3900000000000001,1.71
Emilia-Romagna,2020-03-18 17:00:00,1.53,1.3900000000000001,1.69
Emilia-Romagna,2020-03-19 17:00:00,1.51,1.37,1.6500000000000001
Emilia-Romagna,2020-03-20 17:00:00,1.48,1.35,1.61
Emilia-Romagna,2020-03-21 17:00:00,1.43,1.31,1.56
Emilia-Romagna,2020-03-22 17:00:00,1.3800000000000001,1.26,1.5
Emilia-Romagna,2020-03-23 17:00:00,1.31,1.2,1.43
Emilia-Romagna,2020-03-24 17:00:00,1.24,1.1300000000000001,1.35
Emilia-Romagna,2020-03-25 17:00:00,1.17,1.06,1.28
Emilia-Romagna,2020-03-26 17:00:00,1.1,1.0,1.22
Emilia-Romagna,2020-03-27 17:00:00,1.02,0.91,1.1300000000000001
Emilia-Romagna,2020-03-28 17:00:00,0.9500000000000001,0.85,1.07
Emilia-Romagna,2020-03-29 17:00:00,0.89,0.79,1.01
Emilia-Romagna,2020-03-30 17:00:00,0.85,0.74,0.96
Emilia-Romagna,2020-03-31 17:00:00,0.8300000000000001,0.72,0.9500000000000001
Emilia-Romagna,2020-04-01 17:00:00,0.8200000000000001,0.71,0.9400000000000001
Emilia-Romagna,2020-04-02 17:00:00,0.8300000000000001,0.71,0.9500000000000001
Emilia-Romagna,2020-04-03 17:00:00,0.86,0.74,0.98
Emilia-Romagna,2020-04-04 17:00:00,0.85,0.73,0.98
Emilia-Romagna,2020-04-05 17:00:00,0.84,0.72,0.97
Emilia-Romagna,2020-04-06 17:00:00,0.84,0.71,0.97
Emilia-Romagna,2020-04-07 17:00:00,0.8200000000000001,0.6900000000000001,0.9500000000000001
Emilia-Romagna,2020-04-08 17:00:00,0.81,0.68,0.9500000000000001
Emilia-Romagna,2020-04-09 17:00:00,0.8200000000000001,0.68,0.96
Emilia-Romagna,2020-04-10 17:00:00,0.8200000000000001,0.68,0.96
Emilia-Romagna,2020-04-11 17:00:00,0.86,0.72,1.01
Emilia-Romagna,2020-04-12 17:00:00,0.89,0.75,1.04
Emilia-Romagna,2020-04-13 17:00:00,0.92,0.77,1.06
Emilia-Romagna,2020-04-14 17:00:00,0.93,0.79,1.09
Friuli Venezia Giulia,2020-02-28 18:00:00,2.0,0.34,6.43
Friuli Venezia Giulia,2020-02-29 17:00:00,2.35,0.48,5.72
Friuli Venezia Giulia,2020-03-01 17:00:00,2.43,0.64,4.98
Friuli Venezia Giulia,2020-03-02 18:00:00,2.08,0.58,4.09
Friuli Venezia Giulia,2020-03-03 18:00:00,2.09,0.67,3.87
Friuli Venezia Giulia,2020-03-04 17:00:00,2.05,0.72,3.61
Friuli Venezia Giulia,2020-03-05 17:00:00,2.11,0.86,3.5100000000000002
Friuli Venezia Giulia,2020-03-06 17:00:00,2.23,0.84,3.5300000000000002
Friuli Venezia Giulia,2020-03-07 18:00:00,2.21,1.01,3.33
Friuli Venezia Giulia,2020-03-08 18:00:00,2.06,1.01,3.04
Friuli Venezia Giulia,2020-03-09 18:00:00,2.05,1.1300000000000001,2.91
Friuli Venezia Giulia,2020-03-10 18:00:00,2.07,1.29,2.85
Friuli Venezia Giulia,2020-03-11 17:00:00,2.0300000000000002,1.34,2.71
Friuli Venezia Giulia,2020-03-12 17:00:00,1.94,1.33,2.5500000000000003
Friuli Venezia Giulia,2020-03-13 17:00:00,1.8,1.24,2.34
Friuli Venezia Giulia,2020-03-14 17:00:00,1.6,1.08,2.1
Friuli Venezia Giulia,2020-03-15 17:00:00,1.46,0.99,1.96
Friuli Venezia Giulia,2020-03-16 17:00:00,1.4000000000000001,0.9500000000000001,1.87
Friuli Venezia Giulia,2020-03-17 17:00:00,1.33,0.88,1.76
Friuli Venezia Giulia,2020-03-18 17:00:00,1.3900000000000001,0.98,1.82
Friuli Venezia Giulia,2020-03-19 17:00:00,1.42,1.03,1.83
Friuli Venezia Giulia,2020-03-20 17:00:00,1.4000000000000001,1.03,1.79
Friuli Venezia Giulia,2020-03-21 17:00:00,1.3800000000000001,1.01,1.73
Friuli Venezia Giulia,2020-03-22 17:00:00,1.35,1.01,1.7
Friuli Venezia Giulia,2020-03-23 17:00:00,1.28,0.9500000000000001,1.62
Friuli Venezia Giulia,2020-03-24 17:00:00,1.26,0.9400000000000001,1.59
Friuli Venezia Giulia,2020-03-25 17:00:00,1.17,0.85,1.48
Friuli Venezia Giulia,2020-03-26 17:00:00,1.09,0.78,1.41
Friuli Venezia Giulia,2020-03-27 17:00:00,1.01,0.71,1.34
Friuli Venezia Giulia,2020-03-28 17:00:00,0.96,0.65,1.28
Friuli Venezia Giulia,2020-03-29 17:00:00,0.89,0.58,1.22
Friuli Venezia Giulia,2020-03-30 17:00:00,0.91,0.6,1.25
Friuli Venezia Giulia,2020-03-31 17:00:00,0.91,0.58,1.23
Friuli Venezia Giulia,2020-04-01 17:00:00,0.92,0.6,1.26
Friuli Venezia Giulia,2020-04-02 17:00:00,0.96,0.62,1.28
Friuli Venezia Giulia,2020-04-03 17:00:00,1.0,0.67,1.33
Friuli Venezia Giulia,2020-04-04 17:00:00,0.99,0.66,1.32
Friuli Venezia Giulia,2020-04-05 17:00:00,1.01,0.67,1.33
Friuli Venezia Giulia,2020-04-06 17:00:00,0.96,0.63,1.3
Friuli Venezia Giulia,2020-04-07 17:00:00,0.91,0.56,1.23
Friuli Venezia Giulia,2020-04-08 17:00:00,0.8300000000000001,0.49,1.18
Friuli Venezia Giulia,2020-04-09 17:00:00,0.76,0.41000000000000003,1.12
Friuli Venezia Giulia,2020-04-10 17:00:00,0.71,0.35000000000000003,1.09
Friuli Venezia Giulia,2020-04-11 17:00:00,0.72,0.34,1.1
Friuli Venezia Giulia,2020-04-12 17:00:00,0.74,0.36,1.1500000000000001
Friuli Venezia Giulia,2020-04-13 17:00:00,0.76,0.36,1.17
Friuli Venezia Giulia,2020-04-14 17:00:00,0.78,0.36,1.19
Lazio,2020-02-28 18:00:00,2.0,0.34,6.43
Lazio,2020-02-29 17:00:00,1.8800000000000001,0.38,5.01
Lazio,2020-03-01 17:00:00,2.65,0.68,5.5600000000000005
Lazio,2020-03-02 18:00:00,2.81,0.93,4.98
Lazio,2020-03-03 18:00:00,2.84,1.2,4.53
Lazio,2020-03-04 17:00:00,2.5,1.17,3.87
Lazio,2020-03-05 17:00:00,2.36,1.24,3.5300000000000002
Lazio,2020-03-06 17:00:00,2.1,0.99,3.13
Lazio,2020-03-07 18:00:00,1.92,0.9500000000000001,2.86
Lazio,2020-03-08 18:00:00,1.7,0.8200000000000001,2.57
Lazio,2020-03-09 18:00:00,1.68,0.88,2.49
Lazio,2020-03-10 18:00:00,1.72,0.99,2.46
Lazio,2020-03-11 17:00:00,1.87,1.22,2.54
Lazio,2020-03-12 17:00:00,1.94,1.36,2.5300000000000002
Lazio,2020-03-13 17:00:00,1.96,1.44,2.48
Lazio,2020-03-14 17:00:00,1.9000000000000001,1.44,2.37
Lazio,2020-03-15 17:00:00,1.83,1.41,2.25
Lazio,2020-03-16 17:00:00,1.7,1.33,2.1
Lazio,2020-03-17 17:00:00,1.6300000000000001,1.28,1.99
Lazio,2020-03-18 17:00:00,1.57,1.24,1.9000000000000001
Lazio,2020-03-19 17:00:00,1.54,1.24,1.86
Lazio,2020-03-20 17:00:00,1.51,1.22,1.8
Lazio,2020-03-21 17:00:00,1.47,1.21,1.76
Lazio,2020-03-22 17:00:00,1.42,1.16,1.68
Lazio,2020-03-23 17:00:00,1.3800000000000001,1.1400000000000001,1.6400000000000001
Lazio,2020-03-24 17:00:00,1.31,1.08,1.56
Lazio,2020-03-25 17:00:00,1.25,1.02,1.48
Lazio,2020-03-26 17:00:00,1.19,0.96,1.41
Lazio,2020-03-27 17:00:00,1.1500000000000001,0.92,1.36
Lazio,2020-03-28 17:00:00,1.1,0.89,1.33
Lazio,2020-03-29 17:00:00,1.08,0.85,1.28
Lazio,2020-03-30 17:00:00,1.04,0.8200000000000001,1.25
Lazio,2020-03-31 17:00:00,1.01,0.8,1.23
Lazio,2020-04-01 17:00:00,0.98,0.76,1.19
Lazio,2020-04-02 17:00:00,0.93,0.72,1.16
Lazio,2020-04-03 17:00:00,0.89,0.67,1.11
Lazio,2020-04-04 17:00:00,0.85,0.63,1.08
Lazio,2020-04-05 17:00:00,0.81,0.59,1.05
Lazio,2020-04-06 17:00:00,0.81,0.5700000000000001,1.04
Lazio,2020-04-07 17:00:00,0.8200000000000001,0.58,1.06
Lazio,2020-04-08 17:00:00,0.84,0.6,1.09
Lazio,2020-04-09 17:00:00,0.89,0.65,1.1500000000000001
Lazio,2020-04-10 17:00:00,0.92,0.66,1.16
Lazio,2020-04-11 17:00:00,0.9500000000000001,0.7000000000000001,1.21
Lazio,2020-04-12 17:00:00,0.97,0.72,1.23
Lazio,2020-04-13 17:00:00,0.98,0.73,1.24
Lazio,2020-04-14 17:00:00,0.98,0.73,1.24
Liguria,2020-03-04 17:00:00,2.0,0.34,6.43
Liguria,2020-03-05 17:00:00,5.86,2.2600000000000002,9.17
Liguria,2020-03-06 17:00:00,4.04,2.12,5.8500000000000005
Liguria,2020-03-07 18:00:00,3.35,2.0,4.62
Liguria,2020-03-08 18:00:00,2.93,1.9100000000000001,3.92
Liguria,2020-03-09 18:00:00,2.69,1.8900000000000001,3.5100000000000002
Liguria,2020-03-10 18:00:00,2.48,1.82,3.16
Liguria,2020-03-11 17:00:00,2.37,1.79,2.93
Liguria,2020-03-12 17:00:00,2.16,1.67,2.66
Liguria,2020-03-13 17:00:00,1.99,1.56,2.44
Liguria,2020-03-14 17:00:00,1.84,1.46,2.25
Liguria,2020-03-15 17:00:00,1.7,1.34,2.06
Liguria,2020-03-16 17:00:00,1.6,1.27,1.94
Liguria,2020-03-17 17:00:00,1.52,1.21,1.84
Liguria,2020-03-18 17:00:00,1.47,1.17,1.76
Liguria,2020-03-19 17:00:00,1.45,1.18,1.74
Liguria,2020-03-20 17:00:00,1.46,1.2,1.73
Liguria,2020-03-21 17:00:00,1.45,1.2,1.7
Liguria,2020-03-22 17:00:00,1.42,1.19,1.67
Liguria,2020-03-23 17:00:00,1.37,1.1500000000000001,1.6
Liguria,2020-03-24 17:00:00,1.3,1.09,1.53
Liguria,2020-03-25 17:00:00,1.2,1.0,1.43
Liguria,2020-03-26 17:00:00,1.11,0.91,1.33
Liguria,2020-03-27 17:00:00,1.01,0.81,1.23
Liguria,2020-03-28 17:00:00,0.9500000000000001,0.74,1.16
Liguria,2020-03-29 17:00:00,0.92,0.71,1.1400000000000001
Liguria,2020-03-30 17:00:00,0.89,0.68,1.11
Liguria,2020-03-31 17:00:00,0.92,0.7000000000000001,1.1400000000000001
Liguria,2020-04-01 17:00:00,0.96,0.75,1.19
Liguria,2020-04-02 17:00:00,0.99,0.78,1.22
Liguria,2020-04-03 17:00:00,1.03,0.8200000000000001,1.26
Liguria,2020-04-04 17:00:00,1.04,0.8300000000000001,1.27
Liguria,2020-04-05 17:00:00,1.01,0.8,1.24
Liguria,2020-04-06 17:00:00,0.99,0.78,1.22
Liguria,2020-04-07 17:00:00,0.9400000000000001,0.73,1.17
Liguria,2020-04-08 17:00:00,0.9,0.68,1.12
Liguria,2020-04-09 17:00:00,0.87,0.65,1.1
Liguria,2020-04-10 17:00:00,0.86,0.64,1.1
Liguria,2020-04-11 17:00:00,0.85,0.62,1.09
Liguria,2020-04-12 17:00:00,0.86,0.63,1.11
Liguria,2020-04-13 17:00:00,0.9,0.66,1.1400000000000001
Liguria,2020-04-14 17:00:00,0.9500000000000001,0.72,1.21
Lombardia,2020-02-24 18:00:00,2.0,0.34,6.43
Lombardia,2020-02-25 18:00:00,1.67,0.88,2.52
Lombardia,2020-02-26 18:00:00,1.54,0.9500000000000001,2.13
Lombardia,2020-02-27 18:00:00,1.78,1.33,2.27
Lombardia,2020-02-28 18:00:00,1.86,1.48,2.24
Lombardia,2020-02-29 17:00:00,1.9000000000000001,1.59,2.23
Lombardia,2020-03-01 17:00:00,1.8800000000000001,1.61,2.15
Lombardia,2020-03-02 18:00:00,1.82,1.59,2.07
Lombardia,2020-03-03 18:00:00,1.74,1.52,1.95
Lombardia,2020-03-04 17:00:00,1.76,1.57,1.97
Lombardia,2020-03-05 17:00:00,1.73,1.55,1.9100000000000001
Lombardia,2020-03-06 17:00:00,1.78,1.62,1.95
Lombardia,2020-03-07 18:00:00,1.73,1.58,1.8800000000000001
Lombardia,2020-03-08 18:00:00,1.72,1.58,1.85
Lombardia,2020-03-09 18:00:00,1.7,1.57,1.82
Lombardia,2020-03-10 18:00:00,1.6600000000000001,1.54,1.77
Lombardia,2020-03-11 17:00:00,1.62,1.51,1.73
Lombardia,2020-03-12 17:00:00,1.58,1.48,1.68
Lombardia,2020-03-13 17:00:00,1.49,1.3900000000000001,1.58
Lombardia,2020-03-14 17:00:00,1.44,1.35,1.53
Lombardia,2020-03-15 17:00:00,1.35,1.26,1.43
Lombardia,2020-03-16 17:00:00,1.29,1.21,1.3800000000000001
Lombardia,2020-03-17 17:00:00,1.27,1.19,1.35
Lombardia,2020-03-18 17:00:00,1.27,1.2,1.36
Lombardia,2020-03-19 17:00:00,1.27,1.2,1.35
Lombardia,2020-03-20 17:00:00,1.27,1.19,1.34
Lombardia,2020-03-21 17:00:00,1.22,1.1500000000000001,1.29
Lombardia,2020-03-22 17:00:00,1.18,1.11,1.25
Lombardia,2020-03-23 17:00:00,1.1300000000000001,1.06,1.2
Lombardia,2020-03-24 17:00:00,1.09,1.02,1.16
Lombardia,2020-03-25 17:00:00,1.04,0.97,1.11
Lombardia,2020-03-26 17:00:00,1.01,0.9400000000000001,1.08
Lombardia,2020-03-27 17:00:00,0.96,0.9,1.04
Lombardia,2020-03-28 17:00:00,0.91,0.84,0.98
Lombardia,2020-03-29 17:00:00,0.88,0.81,0.9500000000000001
Lombardia,2020-03-30 17:00:00,0.85,0.77,0.91
Lombardia,2020-03-31 17:00:00,0.81,0.74,0.89
Lombardia,2020-04-01 17:00:00,0.79,0.72,0.87
Lombardia,2020-04-02 17:00:00,0.76,0.68,0.8300000000000001
Lombardia,2020-04-03 17:00:00,0.76,0.68,0.84
Lombardia,2020-04-04 17:00:00,0.79,0.71,0.87
Lombardia,2020-04-05 17:00:00,0.8200000000000001,0.73,0.89
Lombardia,2020-04-06 17:00:00,0.87,0.79,0.96
Lombardia,2020-04-07 17:00:00,0.9,0.81,0.98
Lombardia,2020-04-08 17:00:00,0.91,0.8300000000000001,1.0
Lombardia,2020-04-09 17:00:00,0.93,0.84,1.01
Lombardia,2020-04-10 17:00:00,0.96,0.87,1.04
Lombardia,2020-04-11 17:00:00,1.0,0.91,1.08
Lombardia,2020-04-12 17:00:00,1.04,0.9500000000000001,1.12
Lombardia,2020-04-13 17:00:00,1.05,0.96,1.1300000000000001
Lombardia,2020-04-14 17:00:00,1.05,0.96,1.1300000000000001
Marche,2020-02-24 18:00:00,2.0,0.34,6.43
Marche,2020-02-25 18:00:00,1.8800000000000001,0.38,5.01
Marche,2020-02-26 18:00:00,2.17,0.51,4.99
Marche,2020-02-27 18:00:00,2.2800000000000002,0.61,4.59
Marche,2020-02-28 18:00:00,2.5,0.8300000000000001,4.43
Marche,2020-02-29 17:00:00,2.63,1.09,4.2
Marche,2020-03-01 17:00:00,2.5100000000000002,1.23,3.83
Marche,2020-03-02 18:00:00,2.58,1.4000000000000001,3.73
Marche,2020-03-03 18:00:00,2.5,1.54,3.47
Marche,2020-03-04 17:00:00,2.31,1.47,3.1
Marche,2020-03-05 17:00:00,2.18,1.48,2.89
Marche,2020-03-06 17:00:00,2.0100000000000002,1.3900000000000001,2.63
Marche,2020-03-07 18:00:00,1.8900000000000001,1.33,2.44
Marche,2020-03-08 18:00:00,1.81,1.32,2.33
Marche,2020-03-09 18:00:00,1.73,1.28,2.2
Marche,2020-03-10 18:00:00,1.68,1.26,2.1
Marche,2020-03-11 17:00:00,1.69,1.3,2.07
Marche,2020-03-12 17:00:00,1.73,1.3800000000000001,2.09
Marche,2020-03-13 17:00:00,1.71,1.4000000000000001,2.05
Marche,2020-03-14 17:00:00,1.6400000000000001,1.35,1.95
Marche,2020-03-15 17:00:00,1.56,1.29,1.85
Marche,2020-03-16 17:00:00,1.46,1.21,1.74
Marche,2020-03-17 17:00:00,1.3800000000000001,1.1300000000000001,1.6300000000000001
Marche,2020-03-18 17:00:00,1.31,1.07,1.55
Marche,2020-03-19 17:00:00,1.25,1.02,1.49
Marche,2020-03-20 17:00:00,1.2,0.98,1.44
Marche,2020-03-21 17:00:00,1.16,0.9500000000000001,1.4000000000000001
Marche,2020-03-22 17:00:00,1.12,0.9,1.34
Marche,2020-03-23 17:00:00,1.09,0.88,1.32
Marche,2020-03-24 17:00:00,1.03,0.81,1.24
Marche,2020-03-25 17:00:00,0.99,0.78,1.22
Marche,2020-03-26 17:00:00,0.92,0.71,1.1500000000000001
Marche,2020-03-27 17:00:00,0.87,0.66,1.11
Marche,2020-03-28 17:00:00,0.84,0.62,1.08
Marche,2020-03-29 17:00:00,0.8300000000000001,0.61,1.08
Marche,2020-03-30 17:00:00,0.8300000000000001,0.59,1.06
Marche,2020-03-31 17:00:00,0.87,0.63,1.11
Marche,2020-04-01 17:00:00,0.88,0.64,1.1300000000000001
Marche,2020-04-02 17:00:00,0.88,0.64,1.1400000000000001
Marche,2020-04-03 17:00:00,0.89,0.64,1.1400000000000001
Marche,2020-04-04 17:00:00,0.89,0.64,1.1500000000000001
Marche,2020-04-05 17:00:00,0.9,0.65,1.17
Marche,2020-04-06 17:00:00,0.91,0.65,1.17
Marche,2020-04-07 17:00:00,0.91,0.65,1.18
Marche,2020-04-08 17:00:00,0.9400000000000001,0.67,1.2
Marche,2020-04-09 17:00:00,0.9500000000000001,0.6900000000000001,1.23
Marche,2020-04-10 17:00:00,0.93,0.66,1.2
Marche,2020-04-11 17:00:00,0.91,0.64,1.19
Marche,2020-04-12 17:00:00,0.85,0.58,1.1400000000000001
Marche,2020-04-13 17:00:00,0.81,0.53,1.1
Marche,2020-04-14 17:00:00,0.74,0.45,1.04
Molise,2020-03-02 18:00:00,2.0,0.34,6.43
Molise,2020-03-03 18:00:00,2.35,0.48,5.72
Molise,2020-03-04 17:00:00,2.05,0.5,4.54
Molise,2020-03-05 17:00:00,1.8900000000000001,0.47000000000000003,3.98
Molise,2020-03-06 17:00:00,1.78,0.48,3.67
Molise,2020-03-07 18:00:00,1.7,0.48,3.44
Molise,2020-03-08 18:00:00,1.6400000000000001,0.45,3.23
Molise,2020-03-09 18:00:00,1.0,0.0,2.75
Molise,2020-03-10 18:00:00,0.68,0.0,2.56
Molise,2020-03-11 17:00:00,0.65,0.0,2.62
Molise,2020-03-12 17:00:00,0.62,0.0,2.69
Molise,2020-03-13 17:00:00,0.58,0.0,2.7600000000000002
Molise,2020-03-14 17:00:00,0.53,0.0,2.84
Molise,2020-03-15 17:00:00,1.0,0.0,3.21
Molise,2020-03-16 17:00:00,1.8900000000000001,0.01,3.7800000000000002
Molise,2020-03-17 17:00:00,2.35,0.33,4.17
Molise,2020-03-18 17:00:00,2.43,0.64,4.07
Molise,2020-03-19 17:00:00,2.2,0.66,3.64
Molise,2020-03-20 17:00:00,1.92,0.56,3.21
Molise,2020-03-21 17:00:00,1.6500000000000001,0.39,2.8000000000000003
Molise,2020-03-22 17:00:00,1.3800000000000001,0.24,2.47
Molise,2020-03-23 17:00:00,1.26,0.18,2.3000000000000003
Molise,2020-03-24 17:00:00,1.17,0.12,2.15
Molise,2020-03-25 17:00:00,1.16,0.16,2.17
Molise,2020-03-26 17:00:00,1.23,0.22,2.23
Molise,2020-03-27 17:00:00,1.22,0.23,2.2
Molise,2020-03-28 17:00:00,1.21,0.24,2.17
Molise,2020-03-29 17:00:00,1.26,0.3,2.2
Molise,2020-03-30 17:00:00,1.18,0.25,2.09
Molise,2020-03-31 17:00:00,1.12,0.22,2.02
Molise,2020-04-01 17:00:00,1.11,0.23,2.0100000000000002
Molise,2020-04-02 17:00:00,1.11,0.23,1.99
Molise,2020-04-03 17:00:00,1.16,0.29,2.04
Molise,2020-04-04 17:00:00,1.21,0.33,2.05
Molise,2020-04-05 17:00:00,1.1,0.26,1.94
Molise,2020-04-06 17:00:00,1.0,0.18,1.82
Molise,2020-04-07 17:00:00,0.9,0.09,1.68
Molise,2020-04-08 17:00:00,0.6900000000000001,0.0,1.44
Molise,2020-04-09 17:00:00,0.54,0.0,1.37
Molise,2020-04-10 17:00:00,0.48,0.0,1.3800000000000001
Molise,2020-04-11 17:00:00,0.41000000000000003,0.0,1.3900000000000001
Molise,2020-04-12 17:00:00,0.4,0.0,1.46
Molise,2020-04-13 17:00:00,0.51,0.0,1.61
Molise,2020-04-14 17:00:00,0.56,0.0,1.71
P.A. Bolzano,2020-03-04 17:00:00,2.0,0.34,6.43
P.A. Bolzano,2020-03-05 17:00:00,1.8800000000000001,0.38,5.01
P.A. Bolzano,2020-03-06 17:00:00,2.17,0.51,4.99
P.A. Bolzano,2020-03-07 18:00:00,2.64,0.79,4.99
P.A. Bolzano,2020-03-08 18:00:00,3.11,1.33,4.94
P.A. Bolzano,2020-03-09 18:00:00,3.04,1.6400000000000001,4.45
P.A. Bolzano,2020-03-10 18:00:00,2.83,1.73,3.94
P.A. Bolzano,2020-03-11 17:00:00,2.62,1.69,3.5500000000000003
P.A. Bolzano,2020-03-12 17:00:00,2.35,1.57,3.14
P.A. Bolzano,2020-03-13 17:00:00,2.07,1.3800000000000001,2.75
P.A. Bolzano,2020-03-14 17:00:00,1.84,1.21,2.44
P.A. Bolzano,2020-03-15 17:00:00,1.72,1.16,2.29
P.A. Bolzano,2020-03-16 17:00:00,1.6400000000000001,1.12,2.16
P.A. Bolzano,2020-03-17 17:00:00,1.61,1.1400000000000001,2.11
P.A. Bolzano,2020-03-18 17:00:00,1.57,1.1300000000000001,2.0300000000000002
P.A. Bolzano,2020-03-19 17:00:00,1.52,1.1,1.94
P.A. Bolzano,2020-03-20 17:00:00,1.45,1.07,1.87
P.A. Bolzano,2020-03-21 17:00:00,1.36,0.98,1.74
P.A. Bolzano,2020-03-22 17:00:00,1.24,0.88,1.62
P.A. Bolzano,2020-03-23 17:00:00,1.1400000000000001,0.79,1.52
P.A. Bolzano,2020-03-24 17:00:00,1.03,0.67,1.3900000000000001
P.A. Bolzano,2020-03-25 17:00:00,1.01,0.65,1.37
P.A. Bolzano,2020-03-26 17:00:00,1.03,0.67,1.3900000000000001
P.A. Bolzano,2020-03-27 17:00:00,1.09,0.74,1.45
P.A. Bolzano,2020-03-28 17:00:00,1.1500000000000001,0.81,1.51
P.A. Bolzano,2020-03-29 17:00:00,1.17,0.8200000000000001,1.5
P.A. Bolzano,2020-03-30 17:00:00,1.1500000000000001,0.8200000000000001,1.49
P.A. Bolzano,2020-03-31 17:00:00,1.1,0.77,1.43
P.A. Bolzano,2020-04-01 17:00:00,0.99,0.65,1.31
P.A. Bolzano,2020-04-02 17:00:00,0.88,0.54,1.21
P.A. Bolzano,2020-04-03 17:00:00,0.78,0.44,1.1300000000000001
P.A. Bolzano,2020-04-04 17:00:00,0.75,0.39,1.1
P.A. Bolzano,2020-04-05 17:00:00,0.76,0.41000000000000003,1.1500000000000001
P.A. Bolzano,2020-04-06 17:00:00,0.8,0.43,1.18
P.A. Bolzano,2020-04-07 17:00:00,0.86,0.49,1.26
P.A. Bolzano,2020-04-08 17:00:00,0.91,0.52,1.29
P.A. Bolzano,2020-04-09 17:00:00,0.97,0.59,1.37
P.A. Bolzano,2020-04-10 17:00:00,0.99,0.61,1.3900000000000001
P.A. Bolzano,2020-04-11 17:00:00,0.97,0.58,1.36
P.A. Bolzano,2020-04-12 17:00:00,1.0,0.61,1.3900000000000001
P.A. Bolzano,2020-04-13 17:00:00,0.99,0.6,1.3800000000000001
P.A. Bolzano,2020-04-14 17:00:00,0.99,0.6,1.3800000000000001
P.A. Trento,2020-03-01 17:00:00,2.0,0.34,6.43
P.A. Trento,2020-03-02 18:00:00,1.8800000000000001,0.38,5.01
P.A. Trento,2020-03-03 18:00:00,2.17,0.51,4.99
P.A. Trento,2020-03-04 17:00:00,1.96,0.5,4.24
P.A. Trento,2020-03-05 17:00:00,2.08,0.58,4.09
P.A. Trento,2020-03-06 17:00:00,2.09,0.67,3.87
P.A. Trento,2020-03-07 18:00:00,2.21,0.8300000000000001,3.7800000000000002
P.A. Trento,2020-03-08 18:00:00,2.41,0.84,3.85
P.A. Trento,2020-03-09 18:00:00,2.57,1.27,3.7600000000000002
P.A. Trento,2020-03-10 18:00:00,2.49,1.43,3.5
P.A. Trento,2020-03-11 17:00:00,2.43,1.56,3.29
P.A. Trento,2020-03-12 17:00:00,2.57,1.86,3.2800000000000002
P.A. Trento,2020-03-13 17:00:00,2.34,1.74,2.94
P.A. Trento,2020-03-14 17:00:00,2.07,1.55,2.6
P.A. Trento,2020-03-15 17:00:00,1.83,1.37,2.32
P.A. Trento,2020-03-16 17:00:00,1.59,1.1500000000000001,2.0300000000000002
P.A. Trento,2020-03-17 17:00:00,1.45,1.03,1.86
P.A. Trento,2020-03-18 17:00:00,1.42,1.03,1.82
P.A. Trento,2020-03-19 17:00:00,1.37,0.99,1.74
P.A. Trento,2020-03-20 17:00:00,1.42,1.08,1.8
P.A. Trento,2020-03-21 17:00:00,1.44,1.11,1.79
P.A. Trento,2020-03-22 17:00:00,1.3900000000000001,1.08,1.73
P.A. Trento,2020-03-23 17:00:00,1.34,1.04,1.6600000000000001
P.A. Trento,2020-03-24 17:00:00,1.26,0.97,1.57
P.A. Trento,2020-03-25 17:00:00,1.17,0.89,1.48
P.A. Trento,2020-03-26 17:00:00,1.06,0.77,1.35
P.A. Trento,2020-03-27 17:00:00,0.96,0.68,1.27
P.A. Trento,2020-03-28 17:00:00,0.88,0.58,1.17
P.A. Trento,2020-03-29 17:00:00,0.86,0.5700000000000001,1.18
P.A. Trento,2020-03-30 17:00:00,0.91,0.6,1.21
P.A. Trento,2020-03-31 17:00:00,0.98,0.67,1.28
P.A. Trento,2020-04-01 17:00:00,1.04,0.74,1.35
P.A. Trento,2020-04-02 17:00:00,1.08,0.77,1.37
P.A. Trento,2020-04-03 17:00:00,1.05,0.75,1.35
P.A. Trento,2020-04-04 17:00:00,1.04,0.75,1.35
P.A. Trento,2020-04-05 17:00:00,1.02,0.73,1.33
P.A. Trento,2020-04-06 17:00:00,1.01,0.72,1.32
P.A. Trento,2020-04-07 17:00:00,1.01,0.73,1.33
P.A. Trento,2020-04-08 17:00:00,1.03,0.74,1.33
P.A. Trento,2020-04-09 17:00:00,1.05,0.76,1.35
P.A. Trento,2020-04-10 17:00:00,1.06,0.76,1.34
P.A. Trento,2020-04-11 17:00:00,1.02,0.72,1.3
P.A. Trento,2020-04-12 17:00:00,0.97,0.6900000000000001,1.28
P.A. Trento,2020-04-13 17:00:00,0.9,0.6,1.19
P.A. Trento,2020-04-14 17:00:00,0.79,0.49,1.1
Piemonte,2020-02-25 18:00:00,2.0,0.34,6.43
Piemonte,2020-02-26 18:00:00,1.8800000000000001,0.38,5.01
Piemonte,2020-02-27 18:00:00,3.22,0.91,6.140000000000001
Piemonte,2020-02-28 18:00:00,3.23,1.27,5.23
Piemonte,2020-02-29 17:00:00,2.71,1.21,4.25
Piemonte,2020-03-01 17:00:00,2.52,1.28,3.79
Piemonte,2020-03-02 18:00:00,2.2600000000000002,1.21,3.33
Piemonte,2020-03-03 18:00:00,2.15,1.1500000000000001,3.12
Piemonte,2020-03-04 17:00:00,2.23,1.3800000000000001,3.0700000000000003
Piemonte,2020-03-05 17:00:00,2.29,1.57,3.0100000000000002
Piemonte,2020-03-06 17:00:00,2.18,1.55,2.79
Piemonte,2020-03-07 18:00:00,2.12,1.58,2.66
Piemonte,2020-03-08 18:00:00,1.92,1.43,2.39
Piemonte,2020-03-09 18:00:00,1.75,1.32,2.2
Piemonte,2020-03-10 18:00:00,1.74,1.35,2.15
Piemonte,2020-03-11 17:00:00,1.6400000000000001,1.27,2.0100000000000002
Piemonte,2020-03-12 17:00:00,1.59,1.26,1.95
Piemonte,2020-03-13 17:00:00,1.71,1.41,2.04
Piemonte,2020-03-14 17:00:00,1.77,1.49,2.06
Piemonte,2020-03-15 17:00:00,1.8800000000000001,1.6300000000000001,2.14
Piemonte,2020-03-16 17:00:00,1.96,1.73,2.18
Piemonte,2020-03-17 17:00:00,1.9100000000000001,1.71,2.12
Piemonte,2020-03-18 17:00:00,1.83,1.6500000000000001,2.02
Piemonte,2020-03-19 17:00:00,1.72,1.55,1.8900000000000001
Piemonte,2020-03-20 17:00:00,1.56,1.4000000000000001,1.71
Piemonte,2020-03-21 17:00:00,1.45,1.31,1.61
Piemonte,2020-03-22 17:00:00,1.35,1.2,1.48
Piemonte,2020-03-23 17:00:00,1.24,1.11,1.3900000000000001
Piemonte,2020-03-24 17:00:00,1.17,1.04,1.31
Piemonte,2020-03-25 17:00:00,1.12,0.99,1.26
Piemonte,2020-03-26 17:00:00,1.07,0.9400000000000001,1.2
Piemonte,2020-03-27 17:00:00,1.07,0.9400000000000001,1.2
Piemonte,2020-03-28 17:00:00,1.04,0.92,1.18
Piemonte,2020-03-29 17:00:00,1.03,0.9,1.16
Piemonte,2020-03-30 17:00:00,1.02,0.89,1.1500000000000001
Piemonte,2020-03-31 17:00:00,1.0,0.88,1.1400000000000001
Piemonte,2020-04-01 17:00:00,1.01,0.88,1.1400000000000001
Piemonte,2020-04-02 17:00:00,1.04,0.92,1.18
Piemonte,2020-04-03 17:00:00,1.06,0.9400000000000001,1.2
Piemonte,2020-04-04 17:00:00,1.07,0.9400000000000001,1.19
Piemonte,2020-04-05 17:00:00,1.06,0.9400000000000001,1.19
Piemonte,2020-04-06 17:00:00,1.04,0.92,1.17
Piemonte,2020-04-07 17:00:00,1.02,0.9,1.1500000000000001
Piemonte,2020-04-08 17:00:00,1.01,0.89,1.1400000000000001
Piemonte,2020-04-09 17:00:00,1.02,0.9,1.1500000000000001
Piemonte,2020-04-10 17:00:00,1.03,0.91,1.16
Piemonte,2020-04-11 17:00:00,1.04,0.92,1.17
Piemonte,2020-04-12 17:00:00,1.04,0.92,1.17
Piemonte,2020-04-13 17:00:00,1.03,0.91,1.1500000000000001
Piemonte,2020-04-14 17:00:00,1.04,0.92,1.16
Puglia,2020-02-26 18:00:00,2.0,0.34,6.43
Puglia,2020-02-27 18:00:00,1.8800000000000001,0.38,5.01
Puglia,2020-02-28 18:00:00,1.8,0.38,4.45
Puglia,2020-02-29 17:00:00,1.74,0.4,4.13
Puglia,2020-03-01 17:00:00,1.69,0.37,3.85
Puglia,2020-03-02 18:00:00,1.6400000000000001,0.4,3.7
Puglia,2020-03-03 18:00:00,1.83,0.46,3.79
Puglia,2020-03-04 17:00:00,1.8900000000000001,0.01,3.7800000000000002
Puglia,2020-03-05 17:00:00,2.35,0.33,4.17
Puglia,2020-03-06 17:00:00,2.22,0.43,3.85
Puglia,2020-03-07 18:00:00,2.25,0.68,3.72
Puglia,2020-03-08 18:00:00,2.19,0.8200000000000001,3.47
Puglia,2020-03-09 18:00:00,2.09,0.91,3.23
Puglia,2020-03-10 18:00:00,2.0,0.9500000000000001,3.0
Puglia,2020-03-11 17:00:00,1.96,1.04,2.86
Puglia,2020-03-12 17:00:00,1.95,1.1400000000000001,2.7600000000000002
Puglia,2020-03-13 17:00:00,1.87,1.1400000000000001,2.59
Puglia,2020-03-14 17:00:00,1.8800000000000001,1.23,2.5300000000000002
Puglia,2020-03-15 17:00:00,1.81,1.21,2.38
Puglia,2020-03-16 17:00:00,1.8,1.27,2.33
Puglia,2020-03-17 17:00:00,1.79,1.3,2.2600000000000002
Puglia,2020-03-18 17:00:00,1.73,1.3,2.18
Puglia,2020-03-19 17:00:00,1.6600000000000001,1.26,2.07
Puglia,2020-03-20 17:00:00,1.6400000000000001,1.28,2.0300000000000002
Puglia,2020-03-21 17:00:00,1.52,1.18,1.8800000000000001
Puglia,2020-03-22 17:00:00,1.45,1.12,1.78
Puglia,2020-03-23 17:00:00,1.34,1.02,1.6500000000000001
Puglia,2020-03-24 17:00:00,1.26,0.9500000000000001,1.56
Puglia,2020-03-25 17:00:00,1.2,0.91,1.51
Puglia,2020-03-26 17:00:00,1.1500000000000001,0.86,1.45
Puglia,2020-03-27 17:00:00,1.11,0.8200000000000001,1.4000000000000001
Puglia,2020-03-28 17:00:00,1.11,0.8200000000000001,1.3900000000000001
Puglia,2020-03-29 17:00:00,1.1,0.8300000000000001,1.4000000000000001
Puglia,2020-03-30 17:00:00,1.11,0.84,1.4000000000000001
Puglia,2020-03-31 17:00:00,1.09,0.81,1.36
Puglia,2020-04-01 17:00:00,1.06,0.79,1.34
Puglia,2020-04-02 17:00:00,1.01,0.75,1.3
Puglia,2020-04-03 17:00:00,0.9400000000000001,0.67,1.22
Puglia,2020-04-04 17:00:00,0.89,0.61,1.17
Puglia,2020-04-05 17:00:00,0.84,0.56,1.1300000000000001
Puglia,2020-04-06 17:00:00,0.8200000000000001,0.53,1.11
Puglia,2020-04-07 17:00:00,0.84,0.54,1.1300000000000001
Puglia,2020-04-08 17:00:00,0.87,0.56,1.16
Puglia,2020-04-09 17:00:00,0.9,0.6,1.21
Puglia,2020-04-10 17:00:00,0.93,0.63,1.25
Puglia,2020-04-11 17:00:00,0.9400000000000001,0.64,1.26
Puglia,2020-04-12 17:00:00,0.9400000000000001,0.64,1.27
Puglia,2020-04-13 17:00:00,0.9,0.59,1.22
Puglia,2020-04-14 17:00:00,0.86,0.55,1.2
Sardegna,2020-03-03 18:00:00,2.0,0.34,6.43
Sardegna,2020-03-04 17:00:00,1.8800000000000001,0.38,5.01
Sardegna,2020-03-05 17:00:00,1.8,0.38,4.45
Sardegna,2020-03-06 17:00:00,2.05,0.5,4.54
Sardegna,2020-03-07 18:00:00,2.17,0.61,4.33
Sardegna,2020-03-08 18:00:00,2.4,0.77,4.2
Sardegna,2020-03-09 18:00:00,2.21,0.8300000000000001,3.7800000000000002
Sardegna,2020-03-10 18:00:00,1.93,0.36,3.39
Sardegna,2020-03-11 17:00:00,1.8900000000000001,0.46,3.24
Sardegna,2020-03-12 17:00:00,1.84,0.53,3.0700000000000003
Sardegna,2020-03-13 17:00:00,1.78,0.58,2.9
Sardegna,2020-03-14 17:00:00,1.8,0.73,2.85
Sardegna,2020-03-15 17:00:00,1.73,0.76,2.7
Sardegna,2020-03-16 17:00:00,1.87,0.99,2.73
Sardegna,2020-03-17 17:00:00,2.06,1.29,2.81
Sardegna,2020-03-18 17:00:00,2.05,1.3900000000000001,2.73
Sardegna,2020-03-19 17:00:00,1.92,1.32,2.5100000000000002
Sardegna,2020-03-20 17:00:00,1.73,1.19,2.2800000000000002
Sardegna,2020-03-21 17:00:00,1.55,1.05,2.07
Sardegna,2020-03-22 17:00:00,1.36,0.88,1.85
Sardegna,2020-03-23 17:00:00,1.19,0.73,1.68
Sardegna,2020-03-24 17:00:00,1.04,0.5700000000000001,1.51
Sardegna,2020-03-25 17:00:00,1.03,0.5700000000000001,1.51
Sardegna,2020-03-26 17:00:00,1.01,0.56,1.5
Sardegna,2020-03-27 17:00:00,1.04,0.58,1.51
Sardegna,2020-03-28 17:00:00,1.04,0.59,1.52
Sardegna,2020-03-29 17:00:00,1.08,0.63,1.55
Sardegna,2020-03-30 17:00:00,1.08,0.63,1.54
Sardegna,2020-03-31 17:00:00,1.05,0.6,1.5
Sardegna,2020-04-01 17:00:00,0.93,0.48,1.3900000000000001
Sardegna,2020-04-02 17:00:00,0.91,0.45,1.37
Sardegna,2020-04-03 17:00:00,0.85,0.39,1.33
Sardegna,2020-04-04 17:00:00,0.81,0.34,1.3
Sardegna,2020-04-05 17:00:00,0.79,0.29,1.27
Sardegna,2020-04-06 17:00:00,0.81,0.31,1.32
Sardegna,2020-04-07 17:00:00,0.87,0.37,1.4000000000000001
Sardegna,2020-04-08 17:00:00,0.93,0.43,1.47
Sardegna,2020-04-09 17:00:00,0.93,0.39,1.43
Sardegna,2020-04-10 17:00:00,0.93,0.39,1.44
Sardegna,2020-04-11 17:00:00,0.91,0.39,1.46
Sardegna,2020-04-12 17:00:00,0.87,0.33,1.41
Sardegna,2020-04-13 17:00:00,0.8300000000000001,0.28,1.3800000000000001
Sardegna,2020-04-14 17:00:00,0.71,0.16,1.27
Sicilia,2020-02-24 18:00:00,2.0,0.34,6.43
Sicilia,2020-02-25 18:00:00,1.52,0.29,3.97
Sicilia,2020-02-26 18:00:00,1.49,0.3,3.72
Sicilia,2020-02-27 18:00:00,1.46,0.32,3.5500000000000003
Sicilia,2020-02-28 18:00:00,1.44,0.33,3.41
Sicilia,2020-02-29 17:00:00,1.41,0.34,3.3000000000000003
Sicilia,2020-03-01 17:00:00,1.57,0.39,3.41
Sicilia,2020-03-02 18:00:00,1.0,0.0,3.09
Sicilia,2020-03-03 18:00:00,1.8,0.01,3.61
Sicilia,2020-03-04 17:00:00,1.96,0.1,3.65
Sicilia,2020-03-05 17:00:00,2.22,0.43,3.85
Sicilia,2020-03-06 17:00:00,2.1,0.52,3.5700000000000003
Sicilia,2020-03-07 18:00:00,1.99,0.5700000000000001,3.3000000000000003
Sicilia,2020-03-08 18:00:00,1.79,0.5,2.97
Sicilia,2020-03-09 18:00:00,1.9100000000000001,0.75,2.99
Sicilia,2020-03-10 18:00:00,1.81,0.78,2.81
Sicilia,2020-03-11 17:00:00,1.78,0.84,2.68
Sicilia,2020-03-12 17:00:00,1.75,0.9,2.58
Sicilia,2020-03-13 17:00:00,1.71,0.9400000000000001,2.48
Sicilia,2020-03-14 17:00:00,1.6,0.89,2.32
Sicilia,2020-03-15 17:00:00,1.55,0.88,2.21
Sicilia,2020-03-16 17:00:00,1.51,0.89,2.14
Sicilia,2020-03-17 17:00:00,1.54,0.96,2.13
Sicilia,2020-03-18 17:00:00,1.59,1.06,2.15
Sicilia,2020-03-19 17:00:00,1.68,1.19,2.19
Sicilia,2020-03-20 17:00:00,1.73,1.28,2.19
Sicilia,2020-03-21 17:00:00,1.77,1.37,2.2
Sicilia,2020-03-22 17:00:00,1.76,1.3800000000000001,2.13
Sicilia,2020-03-23 17:00:00,1.71,1.3800000000000001,2.07
Sicilia,2020-03-24 17:00:00,1.62,1.31,1.95
Sicilia,2020-03-25 17:00:00,1.51,1.22,1.82
Sicilia,2020-03-26 17:00:00,1.36,1.08,1.6500000000000001
Sicilia,2020-03-27 17:00:00,1.23,0.97,1.53
Sicilia,2020-03-28 17:00:00,1.11,0.84,1.3900000000000001
Sicilia,2020-03-29 17:00:00,0.99,0.72,1.27
Sicilia,2020-03-30 17:00:00,0.88,0.61,1.17
Sicilia,2020-03-31 17:00:00,0.81,0.52,1.09
Sicilia,2020-04-01 17:00:00,0.74,0.45,1.04
Sicilia,2020-04-02 17:00:00,0.7000000000000001,0.4,1.01
Sicilia,2020-04-03 17:00:00,0.6900000000000001,0.38,1.02
Sicilia,2020-04-04 17:00:00,0.7000000000000001,0.37,1.03
Sicilia,2020-04-05 17:00:00,0.72,0.37,1.05
Sicilia,2020-04-06 17:00:00,0.75,0.41000000000000003,1.12
Sicilia,2020-04-07 17:00:00,0.78,0.43,1.16
Sicilia,2020-04-08 17:00:00,0.84,0.48,1.22
Sicilia,2020-04-09 17:00:00,0.89,0.52,1.27
Sicilia,2020-04-10 17:00:00,0.93,0.56,1.32
Sicilia,2020-04-11 17:00:00,0.9400000000000001,0.55,1.31
Sicilia,2020-04-12 17:00:00,0.93,0.56,1.33
Sicilia,2020-04-13 17:00:00,0.9,0.52,1.3
Sicilia,2020-04-14 17:00:00,0.87,0.48,1.27
Toscana,2020-02-24 18:00:00,2.0,0.34,6.43
Toscana,2020-02-25 18:00:00,1.8800000000000001,0.38,5.01
Toscana,2020-02-26 18:00:00,2.17,0.51,4.99
Toscana,2020-02-27 18:00:00,1.96,0.5,4.24
Toscana,2020-02-28 18:00:00,1.83,0.46,3.79
Toscana,2020-02-29 17:00:00,1.94,0.55,3.75
Toscana,2020-03-01 17:00:00,1.98,0.61,3.59
Toscana,2020-03-02 18:00:00,2.15,0.42,3.75
Toscana,2020-03-03 18:00:00,2.49,0.98,3.9
Toscana,2020-03-04 17:00:00,2.48,1.21,3.64
Toscana,2020-03-05 17:00:00,2.49,1.47,3.49
Toscana,2020-03-06 17:00:00,2.42,1.57,3.2600000000000002
Toscana,2020-03-07 18:00:00,2.25,1.51,2.95
Toscana,2020-03-08 18:00:00,2.08,1.45,2.71
Toscana,2020-03-09 18:00:00,1.9100000000000001,1.36,2.49
Toscana,2020-03-10 18:00:00,1.79,1.29,2.31
Toscana,2020-03-11 17:00:00,1.77,1.32,2.25
Toscana,2020-03-12 17:00:00,1.76,1.34,2.18
Toscana,2020-03-13 17:00:00,1.74,1.36,2.13
Toscana,2020-03-14 17:00:00,1.72,1.37,2.07
Toscana,2020-03-15 17:00:00,1.72,1.3900000000000001,2.0300000000000002
Toscana,2020-03-16 17:00:00,1.68,1.3900000000000001,1.98
Toscana,2020-03-17 17:00:00,1.6600000000000001,1.3900000000000001,1.93
Toscana,2020-03-18 17:00:00,1.6,1.35,1.86
Toscana,2020-03-19 17:00:00,1.54,1.3,1.77
Toscana,2020-03-20 17:00:00,1.46,1.24,1.69
Toscana,2020-03-21 17:00:00,1.36,1.16,1.59
Toscana,2020-03-22 17:00:00,1.27,1.06,1.47
Toscana,2020-03-23 17:00:00,1.22,1.02,1.42
Toscana,2020-03-24 17:00:00,1.1400000000000001,0.9500000000000001,1.35
Toscana,2020-03-25 17:00:00,1.12,0.93,1.32
Toscana,2020-03-26 17:00:00,1.1,0.91,1.3
Toscana,2020-03-27 17:00:00,1.1,0.92,1.3
Toscana,2020-03-28 17:00:00,1.11,0.93,1.31
Toscana,2020-03-29 17:00:00,1.1,0.92,1.29
Toscana,2020-03-30 17:00:00,1.09,0.92,1.29
Toscana,2020-03-31 17:00:00,1.09,0.91,1.27
Toscana,2020-04-01 17:00:00,1.04,0.87,1.23
Toscana,2020-04-02 17:00:00,1.0,0.8200000000000001,1.18
Toscana,2020-04-03 17:00:00,0.92,0.73,1.09
Toscana,2020-04-04 17:00:00,0.86,0.68,1.05
Toscana,2020-04-05 17:00:00,0.81,0.62,1.0
Toscana,2020-04-06 17:00:00,0.75,0.55,0.9400000000000001
Toscana,2020-04-07 17:00:00,0.73,0.53,0.93
Toscana,2020-04-08 17:00:00,0.76,0.56,0.98
Toscana,2020-04-09 17:00:00,0.81,0.6,1.03
Toscana,2020-04-10 17:00:00,0.88,0.67,1.1
Toscana,2020-04-11 17:00:00,0.96,0.75,1.19
Toscana,2020-04-12 17:00:00,1.02,0.8,1.23
Toscana,2020-04-13 17:00:00,1.05,0.84,1.27
Toscana,2020-04-14 17:00:00,1.02,0.81,1.24
Umbria,2020-02-29 17:00:00,2.0,0.34,6.43
Umbria,2020-03-01 17:00:00,1.8800000000000001,0.38,5.01
Umbria,2020-03-02 18:00:00,2.17,0.51,4.99
Umbria,2020-03-03 18:00:00,1.96,0.5,4.24
Umbria,2020-03-04 17:00:00,2.08,0.58,4.09
Umbria,2020-03-05 17:00:00,2.09,0.67,3.87
Umbria,2020-03-06 17:00:00,1.8900000000000001,0.63,3.45
Umbria,2020-03-07 18:00:00,1.6500000000000001,0.09,3.09
Umbria,2020-03-08 18:00:00,1.73,0.23,3.15
Umbria,2020-03-09 18:00:00,1.76,0.32,3.08
Umbria,2020-03-10 18:00:00,1.75,0.44,3.02
Umbria,2020-03-11 17:00:00,1.82,0.62,3.0
Umbria,2020-03-12 17:00:00,1.98,0.89,3.0100000000000002
Umbria,2020-03-13 17:00:00,2.02,1.07,2.94
Umbria,2020-03-14 17:00:00,1.99,1.1500000000000001,2.8000000000000003
Umbria,2020-03-15 17:00:00,1.9000000000000001,1.17,2.65
Umbria,2020-03-16 17:00:00,1.8800000000000001,1.21,2.5300000000000002
Umbria,2020-03-17 17:00:00,1.8800000000000001,1.27,2.45
Umbria,2020-03-18 17:00:00,1.83,1.31,2.38
Umbria,2020-03-19 17:00:00,1.72,1.24,2.22
Umbria,2020-03-20 17:00:00,1.61,1.1500000000000001,2.05
Umbria,2020-03-21 17:00:00,1.51,1.09,1.94
Umbria,2020-03-22 17:00:00,1.4000000000000001,1.0,1.81
Umbria,2020-03-23 17:00:00,1.3,0.92,1.7
Umbria,2020-03-24 17:00:00,1.24,0.87,1.6300000000000001
Umbria,2020-03-25 17:00:00,1.19,0.8300000000000001,1.57
Umbria,2020-03-26 17:00:00,1.1500000000000001,0.8,1.53
Umbria,2020-03-27 17:00:00,1.09,0.74,1.46
Umbria,2020-03-28 17:00:00,1.01,0.66,1.3800000000000001
Umbria,2020-03-29 17:00:00,0.93,0.56,1.28
Umbria,2020-03-30 17:00:00,0.81,0.45,1.19
Umbria,2020-03-31 17:00:00,0.7000000000000001,0.32,1.09
Umbria,2020-04-01 17:00:00,0.58,0.19,0.99
Umbria,2020-04-02 17:00:00,0.51,0.09,0.91
Umbria,2020-04-03 17:00:00,0.47000000000000003,0.05,0.89
Umbria,2020-04-04 17:00:00,0.48,0.04,0.92
Umbria,2020-04-05 17:00:00,0.54,0.08,1.04
Umbria,2020-04-06 17:00:00,0.62,0.11,1.1400000000000001
Umbria,2020-04-07 17:00:00,0.64,0.1,1.17
Umbria,2020-04-08 17:00:00,0.63,0.08,1.18
Umbria,2020-04-09 17:00:00,0.51,0.0,1.04
Umbria,2020-04-10 17:00:00,0.35000000000000003,0.0,0.96
Umbria,2020-04-11 17:00:00,0.23,0.0,0.9400000000000001
Umbria,2020-04-12 17:00:00,0.09,0.0,0.93
Umbria,2020-04-13 17:00:00,0.06,0.0,1.01
Umbria,2020-04-14 17:00:00,0.15,0.0,1.16
Valle d'Aosta,2020-03-03 18:00:00,2.0,0.34,6.43
Valle d'Aosta,2020-03-04 17:00:00,1.8800000000000001,0.38,5.01
Valle d'Aosta,2020-03-05 17:00:00,2.17,0.51,4.99
Valle d'Aosta,2020-03-06 17:00:00,1.96,0.5,4.24
Valle d'Aosta,2020-03-07 18:00:00,2.08,0.58,4.09
Valle d'Aosta,2020-03-08 18:00:00,1.8900000000000001,0.54,3.62
Valle d'Aosta,2020-03-09 18:00:00,1.77,0.55,3.36
Valle d'Aosta,2020-03-10 18:00:00,1.5,0.01,2.99
Valle d'Aosta,2020-03-11 17:00:00,1.6500000000000001,0.09,3.09
Valle d'Aosta,2020-03-12 17:00:00,1.73,0.23,3.15
Valle d'Aosta,2020-03-13 17:00:00,2.15,0.73,3.49
Valle d'Aosta,2020-03-14 17:00:00,2.36,1.16,3.5100000000000002
Valle d'Aosta,2020-03-15 17:00:00,2.41,1.41,3.38
Valle d'Aosta,2020-03-16 17:00:00,2.32,1.48,3.15
Valle d'Aosta,2020-03-17 17:00:00,2.2,1.48,2.92
Valle d'Aosta,2020-03-18 17:00:00,2.02,1.4000000000000001,2.67
Valle d'Aosta,2020-03-19 17:00:00,1.86,1.3,2.44
Valle d'Aosta,2020-03-20 17:00:00,1.6500000000000001,1.1300000000000001,2.18
Valle d'Aosta,2020-03-21 17:00:00,1.45,0.96,1.95
Valle d'Aosta,2020-03-22 17:00:00,1.23,0.74,1.7
Valle d'Aosta,2020-03-23 17:00:00,1.0,0.52,1.48
Valle d'Aosta,2020-03-24 17:00:00,0.8,0.3,1.28
Valle d'Aosta,2020-03-25 17:00:00,0.6900000000000001,0.2,1.21
Valle d'Aosta,2020-03-26 17:00:00,0.7000000000000001,0.19,1.23
Valle d'Aosta,2020-03-27 17:00:00,0.77,0.24,1.32
Valle d'Aosta,2020-03-28 17:00:00,0.92,0.37,1.47
Valle d'Aosta,2020-03-29 17:00:00,1.04,0.49,1.59
Valle d'Aosta,2020-03-30 17:00:00,1.1500000000000001,0.62,1.7
Valle d'Aosta,2020-03-31 17:00:00,1.2,0.67,1.72
Valle d'Aosta,2020-04-01 17:00:00,1.17,0.66,1.69
Valle d'Aosta,2020-04-02 17:00:00,1.07,0.56,1.58
Valle d'Aosta,2020-04-03 17:00:00,1.02,0.51,1.53
Valle d'Aosta,2020-04-04 17:00:00,0.9,0.39,1.42
Valle d'Aosta,2020-04-05 17:00:00,0.88,0.37,1.42
Valle d'Aosta,2020-04-06 17:00:00,0.86,0.32,1.3800000000000001
Valle d'Aosta,2020-04-07 17:00:00,0.8300000000000001,0.29,1.37
Valle d'Aosta,2020-04-08 17:00:00,0.8200000000000001,0.27,1.37
Valle d'Aosta,2020-04-09 17:00:00,0.77,0.21,1.33
Valle d'Aosta,2020-04-10 17:00:00,0.65,0.09,1.2
Valle d'Aosta,2020-04-11 17:00:00,0.59,0.05,1.16
Valle d'Aosta,2020-04-12 17:00:00,0.5700000000000001,0.02,1.1400000000000001
Valle d'Aosta,2020-04-13 17:00:00,0.64,0.03,1.24
Valle d'Aosta,2020-04-14 17:00:00,0.78,0.12,1.45
Veneto,2020-02-24 18:00:00,2.0,0.34,6.43
Veneto,2020-02-25 18:00:00,1.8900000000000001,0.74,3.21
Veneto,2020-02-26 18:00:00,1.74,0.84,2.7
Veneto,2020-02-27 18:00:00,1.74,0.99,2.52
Veneto,2020-02-28 18:00:00,1.59,0.9500000000000001,2.25
Veneto,2020-02-29 17:00:00,1.53,0.97,2.12
Veneto,2020-03-01 17:00:00,1.43,0.9,1.93
Veneto,2020-03-02 18:00:00,1.33,0.84,1.83
Veneto,2020-03-03 18:00:00,1.26,0.79,1.75
Veneto,2020-03-04 17:00:00,1.26,0.8,1.73
Veneto,2020-03-05 17:00:00,1.28,0.84,1.74
Veneto,2020-03-06 17:00:00,1.37,0.9500000000000001,1.81
Veneto,2020-03-07 18:00:00,1.42,1.02,1.83
Veneto,2020-03-08 18:00:00,1.51,1.12,1.8800000000000001
Veneto,2020-03-09 18:00:00,1.69,1.35,2.05
Veneto,2020-03-10 18:00:00,1.78,1.48,2.12
Veneto,2020-03-11 17:00:00,1.86,1.58,2.15
Veneto,2020-03-12 17:00:00,1.82,1.57,2.09
Veneto,2020-03-13 17:00:00,1.75,1.52,1.99
Veneto,2020-03-14 17:00:00,1.6300000000000001,1.41,1.84
Veneto,2020-03-15 17:00:00,1.56,1.37,1.78
Veneto,2020-03-16 17:00:00,1.44,1.24,1.62
Veneto,2020-03-17 17:00:00,1.4000000000000001,1.23,1.6
Veneto,2020-03-18 17:00:00,1.36,1.19,1.54
Veneto,2020-03-19 17:00:00,1.36,1.2,1.54
Veneto,2020-03-20 17:00:00,1.33,1.18,1.5
Veneto,2020-03-21 17:00:00,1.32,1.17,1.48
Veneto,2020-03-22 17:00:00,1.27,1.12,1.42
Veneto,2020-03-23 17:00:00,1.24,1.1,1.3900000000000001
Veneto,2020-03-24 17:00:00,1.18,1.04,1.32
Veneto,2020-03-25 17:00:00,1.12,0.99,1.27
Veneto,2020-03-26 17:00:00,1.07,0.93,1.21
Veneto,2020-03-27 17:00:00,1.02,0.89,1.17
Veneto,2020-03-28 17:00:00,0.98,0.84,1.12
Veneto,2020-03-29 17:00:00,0.96,0.8200000000000001,1.1
Veneto,2020-03-30 17:00:00,0.9500000000000001,0.81,1.09
Veneto,2020-03-31 17:00:00,0.9400000000000001,0.8,1.08
Veneto,2020-04-01 17:00:00,0.9400000000000001,0.79,1.07
Veneto,2020-04-02 17:00:00,0.92,0.78,1.07
Veneto,2020-04-03 17:00:00,0.91,0.77,1.06
Veneto,2020-04-04 17:00:00,0.91,0.76,1.05
Veneto,2020-04-05 17:00:00,0.92,0.78,1.08
Veneto,2020-04-06 17:00:00,0.9400000000000001,0.79,1.09
Veneto,2020-04-07 17:00:00,0.98,0.84,1.1400000000000001
Veneto,2020-04-08 17:00:00,1.01,0.86,1.16
Veneto,2020-04-09 17:00:00,1.02,0.88,1.18
Veneto,2020-04-10 17:00:00,1.0,0.86,1.16
Veneto,2020-04-11 17:00:00,0.96,0.8200000000000001,1.12
Veneto,2020-04-12 17:00:00,0.9,0.75,1.05
Veneto,2020-04-13 17:00:00,0.81,0.66,0.97
Veneto,2020-04-14 17:00:00,0.7000000000000001,0.54,0.86
